{"bSz": 64, "fc": 64, "ep": 200, "loss": [0.16375227272510529, 0.06951980292797089, 0.058069851249456406, 0.050319213420152664, 0.047439396381378174, 0.04489205405116081, 0.04131355881690979, 0.04015377536416054, 0.03682757541537285, 0.0399097204208374, 0.03641796484589577, 0.03514324501156807, 0.03580693155527115, 0.0358201339840889, 0.03411560505628586, 0.03283672034740448, 0.03346851468086243, 0.03291159123182297, 0.0319683738052845, 0.034970417618751526, 0.0308447927236557, 0.030618509277701378, 0.030238501727581024, 0.0329328253865242, 0.03053944930434227, 0.028790203854441643, 0.028667394071817398, 0.02967030555009842, 0.031101956963539124, 0.029748186469078064, 0.026971325278282166, 0.02884460985660553, 0.029010875150561333, 0.02897287718951702, 0.026202257722616196, 0.027320731431245804, 0.030917828902602196, 0.030535442754626274, 0.026573458686470985, 0.02698484994471073, 0.0270993635058403, 0.029136743396520615, 0.02858973667025566, 0.026835400611162186, 0.026949811726808548, 0.027193784713745117, 0.026324819773435593, 0.026252036914229393, 0.027286529541015625, 0.02638348937034607, 0.025458358228206635, 0.029215188696980476, 0.02421533688902855, 0.025206364691257477, 0.02807370200753212, 0.026293929666280746, 0.027470558881759644, 0.025754449889063835, 0.02494797483086586, 0.02805742435157299, 0.02618863247334957, 0.026488998904824257, 0.025081945583224297, 0.025833552703261375, 0.027041999623179436, 0.028072934597730637, 0.026399319991469383, 0.026296067982912064, 0.02572973631322384, 0.0263633094727993, 0.024721384048461914, 0.026802200824022293, 0.026560574769973755, 0.025364520028233528, 0.025071479380130768, 0.025215372443199158, 0.025950780138373375, 0.025307264178991318, 0.023597536608576775, 0.02728109061717987, 0.02612522803246975, 0.025028696283698082, 0.023371858522295952, 0.02500920370221138, 0.024759314954280853, 0.025932125747203827, 0.027939926832914352, 0.026226619258522987, 0.02364952117204666, 0.02578812651336193, 0.024186842143535614, 0.02264002524316311, 0.02129662223160267, 0.024457862600684166, 0.02401861548423767, 0.025332625955343246, 0.024518759921193123, 0.024161290377378464, 0.022760825231671333, 0.02364288829267025, 0.028339050710201263, 0.026167800650000572, 0.023167846724390984, 0.022836768999695778, 0.02402261085808277, 0.022279925644397736, 0.02366633340716362, 0.022884001955389977, 0.02365938015282154, 0.020301736891269684, 0.02273867279291153, 0.02128763496875763, 0.020099328830838203, 0.021142510697245598, 0.022329971194267273, 0.021090101450681686, 0.020705029368400574, 0.021184265613555908, 0.01947084255516529, 0.021501241251826286, 0.019638454541563988, 0.020404577255249023, 0.021891823038458824, 0.020085658878087997, 0.018284868448972702, 0.01879800483584404, 0.019621606916189194, 0.019055353477597237, 0.017629429697990417, 0.01977040059864521, 0.018585463985800743, 0.018906578421592712, 0.019336702302098274, 0.018513217568397522, 0.016953088343143463, 0.019691521301865578, 0.017777184024453163, 0.018632005900144577, 0.0170307494699955, 0.01703404076397419, 0.016613993793725967, 0.017352817580103874, 0.017788685858249664, 0.018548550084233284, 0.018035925924777985, 0.017898190766572952, 0.01865486241877079, 0.018924478441476822, 0.01705325022339821, 0.02038463205099106, 0.016059964895248413, 0.018930621445178986, 0.017922382801771164, 0.016413260251283646, 0.016064785420894623, 0.01706671342253685, 0.016574012115597725, 0.015690971165895462, 0.015124007128179073, 0.016597367823123932, 0.014793545007705688, 0.016978586092591286, 0.015058363787829876, 0.015338515862822533, 0.016985511407256126, 0.017943596467375755, 0.01469897199422121, 0.017678575590252876, 0.014274328015744686, 0.01600143313407898, 0.01704086735844612, 0.017055343836545944, 0.015614336356520653, 0.015020102262496948, 0.016136571764945984, 0.018495220690965652, 0.017176751047372818, 0.01396640669554472, 0.016564546152949333, 0.01593826524913311, 0.016255587339401245, 0.01398896798491478, 0.01735776662826538, 0.015203259885311127, 0.01656109094619751, 0.015001404099166393, 0.012941429391503334, 0.01542879082262516, 0.015271191485226154, 0.016919247806072235, 0.013474919833242893, 0.015166731551289558, 0.015569071285426617, 0.014255569316446781, 0.01570318080484867, 0.01473554503172636, 0.012347751297056675, 0.015178178437054157, 0.015737323090434074, 0.016211992129683495],