{"bSz": 64, "fc": 64, "ep": 200, "loss": [0.1457536369562149, 0.07605898380279541, 0.0659293681383133, 0.05844567343592644, 0.051488421857357025, 0.04951457306742668, 0.04639270901679993, 0.04149620234966278, 0.038935478776693344, 0.037344131618738174, 0.03594085946679115, 0.03712867200374603, 0.037361644208431244, 0.032284174114465714, 0.03224121779203415, 0.030029799789190292, 0.03126021847128868, 0.03085259720683098, 0.0256844200193882, 0.029087521135807037, 0.028478698804974556, 0.027434764429926872, 0.02496369369328022, 0.024017898365855217, 0.026414042338728905, 0.026852693408727646, 0.024482455104589462, 0.025240007787942886, 0.025928359478712082, 0.02378648892045021, 0.02354266308248043, 0.023683462291955948, 0.022514721378684044, 0.022661283612251282, 0.021684572100639343, 0.023177148774266243, 0.022470131516456604, 0.02141718752682209, 0.023195436224341393, 0.019371824339032173, 0.020077574998140335, 0.023091169074177742, 0.021511437371373177, 0.02174495905637741, 0.019349118694663048, 0.020963190123438835, 0.021382402628660202, 0.020815029740333557, 0.017014790326356888, 0.019182467833161354, 0.01983483135700226, 0.02057236060500145, 0.020322734490036964, 0.01876726746559143, 0.01957003027200699, 0.020059999078512192, 0.020108668133616447, 0.018963897600769997, 0.018713023513555527, 0.021985553205013275, 0.01897295191884041, 0.01996755227446556, 0.01743677444756031, 0.020331216976046562, 0.01774277724325657, 0.017894363030791283, 0.017285814508795738, 0.01912117190659046, 0.02015921287238598, 0.017655575647950172, 0.017348283901810646, 0.019848059862852097, 0.01777670346200466, 0.01966899260878563, 0.01790759526193142, 0.018165944144129753, 0.01716860756278038, 0.017023377120494843, 0.01752929389476776, 0.017033029347658157, 0.01589861698448658, 0.017766490578651428, 0.018525943160057068, 0.017568329349160194, 0.016551516950130463, 0.016692552715539932, 0.017817264422774315, 0.016592098399996758, 0.018716920167207718, 0.01770729385316372, 0.015393598936498165, 0.01741752028465271, 0.017333775758743286, 0.015062609687447548, 0.015687687322497368, 0.0177463348954916, 0.01751355454325676, 0.016468694433569908, 0.017857829108834267, 0.01659080944955349, 0.014427436515688896, 0.011916772462427616, 0.011093801818788052, 0.009448174387216568, 0.010225959122180939, 0.009542685002088547, 0.009853044524788857, 0.008609619922935963, 0.00878213718533516, 0.009212945587933064, 0.008535854518413544, 0.006937249563634396, 0.008856179192662239, 0.007536491844803095, 0.007251319475471973, 0.006526984740048647, 0.008939672261476517, 0.007224408444017172, 0.006334793288260698, 0.007092696614563465, 0.00770872738212347, 0.008132998831570148, 0.005603889003396034, 0.006031082011759281, 0.007066040765494108, 0.00685484241694212, 0.005167875438928604, 0.007434589322656393, 0.005581824108958244, 0.0060709393583238125, 0.0058112237602472305, 0.005973007995635271, 0.00421159015968442, 0.005057766567915678, 0.006470453459769487, 0.005720834247767925, 0.005780227016657591, 0.005787573289126158, 0.0053504882380366325, 0.004633479285985231, 0.004095249343663454, 0.005573740694671869, 0.004883358720690012, 0.004426587373018265, 0.0037086785305291414, 0.006508791819214821, 0.005242583807557821, 0.004850823897868395, 0.005640000104904175, 0.003916336223483086, 0.0053555965423583984, 0.0038409309927374125, 0.004670281894505024, 0.004894361365586519, 0.003989710938185453, 0.004498714115470648, 0.0036082961596548557, 0.004159238189458847, 0.0049920473247766495, 0.0036611766554415226, 0.0038469794671982527, 0.0036498706322163343, 0.003909235820174217, 0.005233665928244591, 0.0036136808339506388, 0.003943178802728653, 0.003193948185071349, 0.004611538257449865, 0.0029104070272296667, 0.00330801447853446, 0.004477051552385092, 0.0052773007191717625, 0.0035774176940321922, 0.0027793454937636852, 0.004881029948592186, 0.0037184804677963257, 0.00311447586864233, 0.004049335606396198, 0.004115527495741844, 0.0033746149856597185, 0.0035255965776741505, 0.00371493655256927, 0.003524842904880643, 0.002724873600527644, 0.0027931781951338053, 0.004942070227116346, 0.0037293049972504377, 0.0037031418178230524, 0.003534554271027446, 0.0031611290760338306, 0.0025207120925188065, 0.003871286055073142, 0.003437427571043372, 0.0036901638377457857, 0.0029986994341015816, 0.002976228017359972, 0.0033116184640675783, 0.003055595327168703, 0.00429089181125164, 0.0037147931288927794],