{"bSz": 64, "fc": 64, "ep": 200, "loss": [0.1560124009847641, 0.06463952362537384, 0.050080545246601105, 0.042245373129844666, 0.03398681804537773, 0.03154478967189789, 0.028394505381584167, 0.026157544925808907, 0.023051505908370018, 0.022727567702531815, 0.020559778437018394, 0.019684508442878723, 0.018220461905002594, 0.017733419314026833, 0.016697248443961143, 0.015200239606201649, 0.01580553501844406, 0.01489944290369749, 0.014214995317161083, 0.01419029850512743, 0.012990889139473438, 0.013468756340444088, 0.012432485818862915, 0.013086560182273388, 0.011095655150711536, 0.013196992687880993, 0.0112436693161726, 0.010531112551689148, 0.010258623398840427, 0.010947763919830322, 0.01235046423971653, 0.010617953725159168, 0.011797407642006874, 0.010869315825402737, 0.00978337787091732, 0.01039760373532772, 0.010413695126771927, 0.008941865526139736, 0.007318404037505388, 0.009900899603962898, 0.009432024322450161, 0.009631505236029625, 0.009114370681345463, 0.00855464581400156, 0.009478900581598282, 0.008851584047079086, 0.008483625948429108, 0.009750936180353165, 0.009067700244486332, 0.008495385758578777, 0.009135506115853786, 0.007770668249577284, 0.008051017299294472, 0.00813714973628521, 0.006983678787946701, 0.008432665839791298, 0.008336496539413929, 0.009854890406131744, 0.0074966722168028355, 0.007671712432056665, 0.007485241629183292, 0.007940667681396008, 0.007760230451822281, 0.007951303385198116, 0.007671958301216364, 0.007932395674288273, 0.006657670252025127, 0.008410101756453514, 0.006997792050242424, 0.008673186413943768, 0.007074907422065735, 0.006719958037137985, 0.00659719156101346, 0.0075942170806229115, 0.007572744973003864, 0.0065544769167900085, 0.006923569831997156, 0.007585297338664532, 0.0070947608910501, 0.007100922986865044, 0.007631413172930479, 0.007370823062956333, 0.008410169743001461, 0.008187769912183285, 0.005054018460214138, 0.00643977290019393, 0.008367749862372875, 0.005753748584538698, 0.00677932845428586, 0.00784603413194418, 0.006306775845587254, 0.006370800081640482, 0.006651411764323711, 0.007563142105937004, 0.008280131034553051, 0.005813516676425934, 0.008451107889413834, 0.006032180041074753, 0.006903603207319975, 0.008246035315096378, 0.015607730485498905, 0.014697236008942127, 0.009342380799353123, 0.0113972844555974, 0.011526125483214855, 0.010784594342112541, 0.009753523394465446, 0.010298212990164757, 0.009843891486525536, 0.008544913493096828, 0.011019725352525711, 0.010394169948995113, 0.011535020545125008, 0.00869141984730959, 0.008198085241019726, 0.01000805851072073, 0.009524941444396973, 0.009353455156087875, 0.009630653075873852, 0.008283426985144615, 0.009693161584436893, 0.009104891680181026, 0.009774046018719673, 0.009326627478003502, 0.00826918613165617, 0.008104114793241024, 0.008605234324932098, 0.007825072854757309, 0.009739472530782223, 0.006603667512536049, 0.0070083485916256905, 0.009505140595138073, 0.009510708041489124, 0.006936061196029186, 0.008091355673968792, 0.0060225240886211395, 0.008608744479715824, 0.00624091038480401, 0.006962872110307217, 0.007092009764164686, 0.007763706147670746, 0.007117741275578737, 0.007965982891619205, 0.007115018088370562, 0.00734475115314126, 0.00585432443767786, 0.005900559015572071, 0.005834393668919802, 0.007655588909983635, 0.008005952462553978, 0.006805197335779667, 0.006240739021450281, 0.006469571962952614, 0.0068368385545909405, 0.009409984573721886, 0.007692728191614151, 0.005860768724232912, 0.006457446608692408, 0.007303993683308363, 0.007798695936799049, 0.00658925948664546, 0.006076027639210224, 0.005054286681115627, 0.007397115230560303, 0.005659785121679306, 0.004559227731078863, 0.005682322662323713, 0.006087653338909149, 0.006735308561474085, 0.0071860686875879765, 0.005502413026988506, 0.006627820897847414, 0.005201830994337797, 0.0069774785079061985, 0.006509288214147091, 0.005173565819859505, 0.006650899071246386, 0.005323804449290037, 0.0077383494935929775, 0.007171192206442356, 0.005586931947618723, 0.005263870116323233, 0.005605626385658979, 0.004194156266748905, 0.004621156491339207, 0.006572687067091465, 0.006876987870782614, 0.005875720176845789, 0.005979415029287338, 0.004828149452805519, 0.005753720179200172, 0.004853836260735989, 0.005467946175485849, 0.006531722843647003, 0.005050340201705694, 0.006881548557430506, 0.005439937114715576, 0.0044409907422959805, 0.005752105265855789, 0.006771578453481197],