{"bSz": 64, "fc": 128, "ep": 200, "loss": [0.07100743800401688, 0.028495697304606438, 0.02257413975894451, 0.02154158242046833, 0.019519994035363197, 0.018058184534311295, 0.016713859513401985, 0.01563633419573307, 0.01445412915199995, 0.014636675827205181, 0.014364195056259632, 0.016069862991571426, 0.015199708752334118, 0.015520245768129826, 0.012867702171206474, 0.012384919449687004, 0.013378789648413658, 0.013162737712264061, 0.013590863905847073, 0.012272132560610771, 0.014741938561201096, 0.011638359166681767, 0.013301371596753597, 0.009348300285637379, 0.010919498279690742, 0.01192435622215271, 0.01207869965583086, 0.010460409335792065, 0.009792126715183258, 0.010602843947708607, 0.01201217994093895, 0.01168459840118885, 0.011163363233208656, 0.012305019423365593, 0.00966336578130722, 0.011162868700921535, 0.010617444291710854, 0.010381020605564117, 0.012106229551136494, 0.012895816937088966, 0.01143583469092846, 0.012769099324941635, 0.012836551293730736, 0.010206976905465126, 0.011283619329333305, 0.00914725661277771, 0.011931704357266426, 0.011318815872073174, 0.010378030128777027, 0.010974233038723469, 0.009847568348050117, 0.00930496770888567, 0.010423802770674229, 0.010594118386507034, 0.011443622410297394, 0.010745521634817123, 0.009941999800503254, 0.010511179454624653, 0.011307957582175732, 0.008864264003932476, 0.010731701739132404, 0.010706543922424316, 0.010320824570953846, 0.01171609666198492, 0.00921043660491705, 0.010669203475117683, 0.01240265741944313, 0.01042916439473629, 0.011222760193049908, 0.008606008253991604, 0.010369712486863136, 0.009345298632979393, 0.0081989336758852, 0.009490462951362133, 0.011572079733014107, 0.010575111024081707, 0.011800902895629406, 0.01291310228407383, 0.010865629650652409, 0.010471802204847336, 0.009079704992473125, 0.010656402446329594, 0.009200171567499638, 0.01114590559154749, 0.012198356911540031, 0.00976998545229435, 0.013938600197434425, 0.009698158130049706, 0.009908784180879593, 0.010108419694006443, 0.010699094273149967, 0.011247050948441029, 0.010204690508544445, 0.009882539510726929, 0.009848122484982014, 0.00988220889121294, 0.009805707260966301, 0.00851481407880783, 0.012385249137878418, 0.010465308092534542, 0.01787036471068859, 0.019166821613907814, 0.023772425949573517, 0.019789377227425575, 0.019631946459412575, 0.016751820221543312, 0.018897531554102898, 0.01940944790840149, 0.019274406135082245, 0.018935153260827065, 0.01627090573310852, 0.01633349433541298, 0.016204331070184708, 0.018253160640597343, 0.019382642582058907, 0.01534615084528923, 0.016237061470746994, 0.016709238290786743, 0.017087336629629135, 0.015940343961119652, 0.01623963750898838, 0.014438135549426079, 0.015473682433366776, 0.013816050253808498, 0.012725722044706345, 0.013289081864058971, 0.012695918790996075, 0.013323504477739334, 0.01416479516774416, 0.01251484826207161, 0.015640035271644592, 0.013840037398040295, 0.014697414822876453, 0.016038931906223297, 0.014962955377995968, 0.014058277010917664, 0.011225228197872639, 0.013213091529905796, 0.012598992325365543, 0.010553523898124695, 0.012597194872796535, 0.010750537738204002, 0.014684801921248436, 0.011923752725124359, 0.01236733142286539, 0.013019189238548279, 0.011461188085377216, 0.012654617428779602, 0.010856124572455883, 0.011442375369369984, 0.013300731778144836, 0.013779006898403168, 0.010744687169790268, 0.010364127345383167, 0.010764452628791332, 0.0110726123675704, 0.012207328341901302, 0.010961405001580715, 0.012941328808665276, 0.011182568036019802, 0.010738898068666458, 0.013408925384283066, 0.011090807616710663, 0.010133249685168266, 0.011004775762557983, 0.012648745439946651, 0.011290487833321095, 0.011756929568946362, 0.010622819885611534, 0.012501281686127186, 0.012245605699717999, 0.01036671083420515, 0.008640105836093426, 0.00902722217142582, 0.010555228218436241, 0.012177089229226112, 0.010845179669559002, 0.012304296717047691, 0.011475558392703533, 0.010243438184261322, 0.009774028323590755, 0.01098347082734108, 0.009497030638158321, 0.009914906695485115, 0.010664169676601887, 0.01114106085151434, 0.011704584583640099, 0.009823650121688843, 0.010918153449892998, 0.008650100789964199, 0.0097942054271698, 0.010741758160293102, 0.011949600651860237, 0.010577202774584293, 0.009151746518909931, 0.011308040469884872, 0.009061886928975582, 0.010611463338136673, 0.01019203756004572, 0.01008341833949089],