{"bSz": 64, "fc": 256, "ep": 200, "loss": [0.06611696630716324, 0.02017272263765335, 0.015369081869721413, 0.013339843600988388, 0.012340730056166649, 0.010651418007910252, 0.009891114197671413, 0.009318455122411251, 0.010466963052749634, 0.009961334057152271, 0.0068184612318873405, 0.008582412265241146, 0.0093469750136137, 0.009173059836030006, 0.007947457022964954, 0.007006678730249405, 0.007429270539432764, 0.006359501741826534, 0.007722898386418819, 0.006747228093445301, 0.006591878365725279, 0.006529765669256449, 0.005704759154468775, 0.006793849170207977, 0.0065698688849806786, 0.007059438619762659, 0.005495675373822451, 0.0059496453031897545, 0.004850389435887337, 0.006566567812114954, 0.006978484336286783, 0.005610629916191101, 0.005945287644863129, 0.0054533411748707294, 0.005939577706158161, 0.004584653303027153, 0.0060689402744174, 0.005818131845444441, 0.005329775158315897, 0.0050699589774012566, 0.005498073995113373, 0.005125786643475294, 0.006406021770089865, 0.005821449216455221, 0.005498078651726246, 0.005653223488479853, 0.0051383934915065765, 0.004999599419534206, 0.004427079111337662, 0.004226167220622301, 0.007239094004034996, 0.005687875673174858, 0.00534232659265399, 0.005327759310603142, 0.004722117446362972, 0.0054978663101792336, 0.005329901818186045, 0.005362777039408684, 0.004966904409229755, 0.006069227121770382, 0.00573736010119319, 0.004437445197254419, 0.00537906214594841, 0.0056939031928777695, 0.005097550805658102, 0.004690655041486025, 0.00401254091411829, 0.005801701452583075, 0.0051590497605502605, 0.005442215129733086, 0.005227485205978155, 0.0049908156506717205, 0.005685529205948114, 0.0036525067407637835, 0.004558873362839222, 0.00553677324205637, 0.003932490479201078, 0.006214637774974108, 0.004492565058171749, 0.005947668105363846, 0.0058198897168040276, 0.0045110261999070644, 0.00412953644990921, 0.004123723600059748, 0.004313776735216379, 0.004588373005390167, 0.004835853353142738, 0.004689477849751711, 0.0047036889009177685, 0.005143118090927601, 0.004733065143227577, 0.006436593364924192, 0.004511419218033552, 0.004455964546650648, 0.004440790042281151, 0.005465585272759199, 0.004415555857121944, 0.0044585783034563065, 0.005602039862424135, 0.0044087436981499195, 0.008103744126856327, 0.009067107923328876, 0.010226590558886528, 0.009577479213476181, 0.008894359692931175, 0.00885054562240839, 0.008571028709411621, 0.009524576365947723, 0.0068025435321033, 0.01007514912635088, 0.009447279386222363, 0.009136275388300419, 0.009623431600630283, 0.008243062533438206, 0.009490820579230785, 0.007831467315554619, 0.00963996909558773, 0.007416869513690472, 0.008427086286246777, 0.010366042144596577, 0.006850162521004677, 0.006926605012267828, 0.00891625601798296, 0.010357375256717205, 0.00831788033246994, 0.007207781542092562, 0.008077843114733696, 0.008523163385689259, 0.009111695922911167, 0.005511281546205282, 0.008192933164536953, 0.007830041460692883, 0.007535765413194895, 0.010771357454359531, 0.008503612130880356, 0.010550801642239094, 0.007114587351679802, 0.009268339723348618, 0.009613307192921638, 0.009955664165318012, 0.009515088982880116, 0.00838970486074686, 0.008221116848289967, 0.008166758343577385, 0.009748833253979683, 0.0058188484981656075, 0.006371369119733572, 0.008676597848534584, 0.007292937021702528, 0.008402704261243343, 0.008383347652852535, 0.007936539128422737, 0.006180723197758198, 0.0065802400931715965, 0.007320513483136892, 0.008977443911135197, 0.007666408084332943, 0.007432088255882263, 0.008757002651691437, 0.008825061842799187, 0.008379971608519554, 0.006736089009791613, 0.005692858248949051, 0.008738472126424313, 0.009216036647558212, 0.007616088725626469, 0.009873110800981522, 0.006652139127254486, 0.0069682965986430645, 0.008055565878748894, 0.008823798038065434, 0.006487319245934486, 0.009428593330085278, 0.008077362552285194, 0.006599697284400463, 0.005693444516509771, 0.008684433065354824, 0.00777212530374527, 0.0074992855079472065, 0.008507194928824902, 0.010373219847679138, 0.0059375767596066, 0.008281032554805279, 0.00883504282683134, 0.006851650774478912, 0.011156856082379818, 0.007845311425626278, 0.007799843326210976, 0.00718321418389678, 0.006276145111769438, 0.007781092543154955, 0.00810573622584343, 0.007250882685184479, 0.008678116835653782, 0.009310194291174412, 0.006884860806167126, 0.00947014894336462, 0.00578652136027813, 0.006486469879746437, 0.008690588176250458],