{"bSz": 64, "fc": 32, "ep": 200, "loss": [1.7684519290924072, 1.45753014087677, 1.3746074438095093, 1.3193061351776123, 1.264184594154358, 1.2181079387664795, 1.1963410377502441, 1.183660626411438, 1.1764155626296997, 1.1663469076156616, 1.1668169498443604, 1.1491156816482544, 1.1437126398086548, 1.142491102218628, 1.1296281814575195, 1.123923897743225, 1.11929452419281, 1.120581865310669, 1.1190133094787598, 1.1204744577407837, 1.1163513660430908, 1.1186132431030273, 1.1149814128875732, 1.1167023181915283, 1.1175097227096558, 1.1069608926773071, 1.1102834939956665, 1.1053639650344849, 1.1002180576324463, 1.105529546737671, 1.106952428817749, 1.1126104593276978, 1.103035569190979, 1.105230450630188, 1.1125890016555786, 1.100965142250061, 1.104899525642395, 1.1011979579925537, 1.1069070100784302, 1.0991448163986206, 1.104902982711792, 1.089444875717163, 1.0968912839889526, 1.0958936214447021, 1.095479965209961, 1.0921565294265747, 1.0925017595291138, 1.097320795059204, 1.107300877571106, 1.099666714668274, 1.097579002380371, 1.092248797416687, 1.095487117767334, 1.086190938949585, 1.0908010005950928, 1.0901609659194946, 1.0992333889007568, 1.0834178924560547, 1.0944832563400269, 1.0907639265060425, 1.0899550914764404, 1.0914041996002197, 1.0867646932601929, 1.0933177471160889, 1.08475661277771, 1.0801395177841187, 1.0887887477874756, 1.0872442722320557, 1.0862681865692139, 1.0911415815353394, 1.0808805227279663, 1.0875691175460815, 1.087264060974121, 1.0888671875, 1.0861639976501465, 1.0850898027420044, 1.0793131589889526, 1.079982042312622, 1.0884149074554443, 1.0896950960159302, 1.0865623950958252, 1.092563271522522, 1.0851291418075562, 1.0924166440963745, 1.088306188583374, 1.0841960906982422, 1.0869594812393188, 1.0930109024047852, 1.0907385349273682, 1.086850881576538, 1.0804896354675293, 1.0827232599258423, 1.0845389366149902, 1.0793899297714233, 1.0803029537200928, 1.082541584968567, 1.0855555534362793, 1.0849741697311401, 1.0810285806655884, 1.0854520797729492, 0.9925256371498108, 0.907853901386261, 0.8702301979064941, 0.8403550386428833, 0.8079225420951843, 0.7599565386772156, 0.6757674217224121, 0.6573363542556763, 0.6252912878990173, 0.5636850595474243, 0.5129384994506836, 0.45510396361351013, 0.4249143898487091, 0.40013623237609863, 0.3761344254016876, 0.3539578318595886, 0.30400463938713074, 0.27502164244651794, 0.2658478915691376, 0.2575048506259918, 0.23137672245502472, 0.19685660302639008, 0.175485759973526, 0.1713767647743225, 0.16534073650836945, 0.1633407324552536, 0.1491994708776474, 0.13567401468753815, 0.12132106721401215, 0.11871552467346191, 0.11224561929702759, 0.10552970319986343, 0.10280747711658478, 0.10130972415208817, 0.09053031355142593, 0.08964095264673233, 0.09242846816778183, 0.0817549005150795, 0.08244601637125015, 0.07838787138462067, 0.07659807056188583, 0.07363247871398926, 0.07395376265048981, 0.07674092799425125, 0.0702645555138588, 0.06541526317596436, 0.06560921669006348, 0.06448383629322052, 0.0593278594315052, 0.06207514554262161, 0.0600607767701149, 0.055399682372808456, 0.06223500519990921, 0.05992821231484413, 0.05423294007778168, 0.056140996515750885, 0.048999909311532974, 0.05353297293186188, 0.05468735098838806, 0.05533918738365173, 0.05193978548049927, 0.05440667271614075, 0.051422059535980225, 0.05364345759153366, 0.051392532885074615, 0.04916498810052872, 0.05161634460091591, 0.0486660972237587, 0.04621822014451027, 0.05202203989028931, 0.046765636652708054, 0.04861142113804817, 0.050081558525562286, 0.04917604476213455, 0.04551621526479721, 0.04796404391527176, 0.044838231056928635, 0.04694506898522377, 0.04867170751094818, 0.04537791386246681, 0.045970041304826736, 0.04320706054568291, 0.04232925549149513, 0.04341365396976471, 0.04412368685007095, 0.04496929422020912, 0.04393012449145317, 0.04464923217892647, 0.04365953058004379, 0.04490429162979126, 0.04364360123872757, 0.04298631101846695, 0.04215165972709656, 0.04317719489336014, 0.047035228461027145, 0.04568362981081009, 0.04193177446722984, 0.040503621101379395, 0.04398798197507858, 0.03845110908150673],