{"bSz": 64, "fc": 64, "ep": 200, "loss": [0.12382660061120987, 0.038722794502973557, 0.028727617114782333, 0.023517731577157974, 0.021543970331549644, 0.02060147561132908, 0.017681632190942764, 0.01592877320945263, 0.015380190685391426, 0.01484163198620081, 0.015567867085337639, 0.012987892143428326, 0.013878097757697105, 0.01444197166711092, 0.01408593263477087, 0.012164161540567875, 0.012800880707800388, 0.011948840692639351, 0.011102101765573025, 0.011832560412585735, 0.010670759715139866, 0.01116967760026455, 0.011040045879781246, 0.011203615926206112, 0.010564547963440418, 0.011419079266488552, 0.010661965236067772, 0.010244356468319893, 0.011281180195510387, 0.011156640015542507, 0.009671895764768124, 0.009985549375414848, 0.010003236122429371, 0.009076113812625408, 0.01055896282196045, 0.009903510101139545, 0.011188294738531113, 0.0099182752892375, 0.01027616485953331, 0.009434321895241737, 0.009380307048559189, 0.00979106780141592, 0.010896324180066586, 0.010604596696794033, 0.010113773867487907, 0.010179854929447174, 0.010560902766883373, 0.011111360974609852, 0.009594237431883812, 0.010138902813196182, 0.010327552445232868, 0.009038415737450123, 0.009602026082575321, 0.008767824620008469, 0.008644944056868553, 0.010588507167994976, 0.010272315703332424, 0.010109730064868927, 0.009069141931831837, 0.00917115993797779, 0.008928720839321613, 0.009191936813294888, 0.009756091982126236, 0.008481302298605442, 0.009379862807691097, 0.009470606222748756, 0.008611151948571205, 0.010222350247204304, 0.010094825178384781, 0.009551211260259151, 0.01060016080737114, 0.009623297490179539, 0.010882769711315632, 0.010856973938643932, 0.00942415464669466, 0.009348065592348576, 0.00965165812522173, 0.009739940986037254, 0.009121124632656574, 0.008836790919303894, 0.009166700765490532, 0.00881214439868927, 0.010022783651947975, 0.008249073289334774, 0.010305485688149929, 0.008844426833093166, 0.008660325780510902, 0.011937791481614113, 0.008817926049232483, 0.008699149824678898, 0.008168361149728298, 0.008573155850172043, 0.009996800683438778, 0.010301072150468826, 0.009502485394477844, 0.008195350877940655, 0.008266465738415718, 0.009371922351419926, 0.008805359713733196, 0.010649478062987328, 0.01403156016021967, 0.016350699588656425, 0.01821952871978283, 0.018242646008729935, 0.014131998643279076, 0.015245797112584114, 0.018699392676353455, 0.015758207067847252, 0.01657901704311371, 0.016626888886094093, 0.017115816473960876, 0.015136572532355785, 0.014660577289760113, 0.015932125970721245, 0.013997333124279976, 0.012620184570550919, 0.01610778644680977, 0.01602932997047901, 0.014512383379042149, 0.014272031374275684, 0.013731946237385273, 0.015436909161508083, 0.013229446485638618, 0.012640340253710747, 0.015618265606462955, 0.016105934977531433, 0.0137794129550457, 0.013344423845410347, 0.013540299609303474, 0.0128399059176445, 0.01565277762711048, 0.015905924141407013, 0.01560173835605383, 0.011313587427139282, 0.01643049716949463, 0.013068348169326782, 0.012782094068825245, 0.01759086735546589, 0.013351568952202797, 0.012536978349089622, 0.015712598338723183, 0.012947101145982742, 0.014194631949067116, 0.013681101612746716, 0.013038688339293003, 0.012025884352624416, 0.014566831290721893, 0.013384721241891384, 0.013100647367537022, 0.010844036005437374, 0.011783172376453876, 0.014471443369984627, 0.013414726592600346, 0.01231895200908184, 0.012493227608501911, 0.010659352876245975, 0.013012256473302841, 0.0121725182980299, 0.015145148150622845, 0.012424563057720661, 0.010405545122921467, 0.013143042102456093, 0.01490191649645567, 0.014398006722331047, 0.012288730591535568, 0.01108552422374487, 0.013462839648127556, 0.012892978265881538, 0.014471196569502354, 0.012881055474281311, 0.014442057348787785, 0.014098865911364555, 0.014131956733763218, 0.010803722776472569, 0.011208029463887215, 0.012455979362130165, 0.012406094931066036, 0.011909025721251965, 0.014250041916966438, 0.013197208754718304, 0.01014991756528616, 0.01253338623791933, 0.01150129921734333, 0.012589986436069012, 0.014017445966601372, 0.011228960938751698, 0.012928131967782974, 0.010443025268614292, 0.011657088063657284, 0.011446782387793064, 0.013362088240683079, 0.012378777377307415, 0.011203684844076633, 0.01166385505348444, 0.012061492539942265, 0.012607275508344173, 0.012753457762300968, 0.011536633595824242, 0.009799664840102196, 0.00959993340075016],