{"bSz": 64, "fc": 64, "ep": 200, "loss": [0.2433307021856308, 0.1273265928030014, 0.09050458669662476, 0.07646932452917099, 0.06290671229362488, 0.05727006122469902, 0.048509955406188965, 0.043213702738285065, 0.04025300592184067, 0.03212355449795723, 0.029703931882977486, 0.026594912633299828, 0.029999393969774246, 0.026005376130342484, 0.023103047162294388, 0.022707298398017883, 0.022679587826132774, 0.01685490645468235, 0.021322930231690407, 0.01829657331109047, 0.017296573147177696, 0.01612149365246296, 0.01379971019923687, 0.016571730375289917, 0.016031090170145035, 0.01576642319560051, 0.015258030965924263, 0.014303134754300117, 0.012402057647705078, 0.014364657923579216, 0.014106443151831627, 0.009266356006264687, 0.012775019742548466, 0.011913873255252838, 0.01275821402668953, 0.010153595358133316, 0.014760149642825127, 0.009394305758178234, 0.009466408751904964, 0.013514960184693336, 0.009970813989639282, 0.01268082670867443, 0.008942035026848316, 0.007029686588793993, 0.013241255655884743, 0.013523885980248451, 0.010028192773461342, 0.010253969579935074, 0.008473457768559456, 0.009582112543284893, 0.009588957764208317, 0.008180500939488411, 0.009004649706184864, 0.010078861378133297, 0.007781763095408678, 0.009380953386425972, 0.005946916528046131, 0.007170477416366339, 0.011863660998642445, 0.01087635662406683, 0.008279484696686268, 0.005408020690083504, 0.009020977653563023, 0.009844779036939144, 0.009053737856447697, 0.00898580439388752, 0.004727102816104889, 0.007968447171151638, 0.011522975750267506, 0.005532132461667061, 0.007751773111522198, 0.009165719151496887, 0.009266451932489872, 0.008552520535886288, 0.01198616810142994, 0.005299653857946396, 0.005070438142865896, 0.011601938866078854, 0.005858046934008598, 0.00782011542469263, 0.008693177253007889, 0.0041346256621181965, 0.007551621180027723, 0.004391506314277649, 0.010722129605710506, 0.008801409043371677, 0.0035116656217724085, 0.010430305264890194, 0.009670045226812363, 0.0044685425236821175, 0.0077326977625489235, 0.009181544184684753, 0.0026645315811038017, 0.007330970838665962, 0.01046128012239933, 0.007954017259180546, 0.00889417715370655, 0.005928550846874714, 0.005509129725396633, 0.006739445962011814, 0.056548234075307846, 0.05458299070596695, 0.041765082627534866, 0.03095828741788864, 0.027843890711665154, 0.029641492292284966, 0.03842460364103317, 0.025234077125787735, 0.02470995858311653, 0.016818175092339516, 0.02243953011929989, 0.019718240946531296, 0.01700786128640175, 0.021691014990210533, 0.013892190530896187, 0.016325952485203743, 0.014460744336247444, 0.01265431847423315, 0.016742592677474022, 0.013155349530279636, 0.011246120557188988, 0.015757134184241295, 0.010583926923573017, 0.010564654134213924, 0.008186415769159794, 0.01071132905781269, 0.009996263310313225, 0.009210062213242054, 0.006495248060673475, 0.009597983211278915, 0.007392360828816891, 0.006263978313654661, 0.008376476354897022, 0.010071603581309319, 0.004923866596072912, 0.010034915991127491, 0.008875461295247078, 0.005714119412004948, 0.007945562712848186, 0.007425531279295683, 0.008516410365700722, 0.004934428725391626, 0.003818161552771926, 0.007053295616060495, 0.007090062368661165, 0.004779087379574776, 0.006522293668240309, 0.004533557686954737, 0.007047012448310852, 0.004039142746478319, 0.003279551398009062, 0.007663656026124954, 0.004710904322564602, 0.004202751908451319, 0.004220159724354744, 0.002431930508464575, 0.006514604669064283, 0.00413853581994772, 0.0036588995717465878, 0.0017003611428663135, 0.00349627947434783, 0.0035182021092623472, 0.004623206797987223, 0.005186812486499548, 0.0026963641867041588, 0.004032808821648359, 0.002610629191622138, 0.002332796808332205, 0.006661528721451759, 0.001579391653649509, 0.004196633119136095, 0.002590603893622756, 0.0029045292176306248, 0.006288199219852686, 0.0018624933436512947, 0.0022829098161309958, 0.002776461187750101, 0.0050317286513745785, 0.002411913825199008, 0.003969138488173485, 0.003198144258931279, 0.0033808965235948563, 0.0031726211309432983, 0.0016362570459023118, 0.0028778393752872944, 0.004376589320600033, 0.0020731070544570684, 0.002171675441786647, 0.0025117001496255398, 0.0033896637614816427, 0.0016055932501330972, 0.0015772066544741392, 0.0035756314173340797, 0.0031219494994729757, 0.002219137502834201, 0.00025445170467719436, 9.945154306478798e-05, 0.003961420617997646, 0.004524966701865196, 0.0023534640204161406],